{"cameraMode":{"drawMode":0,"name":"Shaded","section":"Shading Mode"},"sceneLighting":false,"audioPlay":false,"sceneViewState":{"m_AlwaysRefresh":false,"showFog":true,"showSkybox":true,"showFlares":true,"showImageEffects":true,"showParticleSystems":true,"showVisualEffectGraphs":true,"m_FxEnabled":false},"in2DMode":false,"pivot":{"x":-21.030786514282228,"y":3.695578098297119,"z":-24.51093292236328},"rotation":{"x":-0.3077104687690735,"y":0.027378138154745103,"z":-0.008870359510183335,"w":-0.9511135220527649},"size":37.488399505615237,"orthographic":true}